0.000000000;-0.320123000;1.087714000;1.473069674;0.000009950;64.275061306;50.710577297
19.282518392;1.561294887;20.278226718;1.473261540;0.000009849;79.488234495;49.863970715
35.233423305;3.113271933;36.153450619;1.473417304;0.000008162;88.372315713;30.696735044
59.871473375;5.505935052;60.675046680;1.473557371;0.000002005;88.840252064;1.645414686
81.367418325;7.592401971;82.069492338;1.473531457;-0.000004935;89.229846923;2.033373907
95.608290860;8.975817077;96.243010354;1.473425999;-0.000010422;89.598926694;3.353761767
110.039074867;10.379761185;110.605338420;1.473231481;-0.000016954;90.303050688;22.252794398
140.822057192;13.386285178;141.241147264;1.472481400;-0.000020469;110.767084825;4.657464649
168.070459481;16.067188575;168.357344297;1.472017680;-0.000031189;103.886744228;-37.631217509
193.705760022;18.612113154;193.866008352;1.470876363;-0.000029878;86.594689142;72.074910565
204.712543558;19.711447308;204.817754660;1.470616708;-0.000020242;100.048014286;79.768678295
252.748320165;24.530426388;252.611198207;1.470346260;0.000010292;91.441466667;-21.107180461
273.229415913;26.582771697;272.989204912;1.470696085;0.000034151;84.715660680;117.143895772
284.436393925;27.702026288;284.140152146;1.471183490;0.000040907;104.552677160;116.047121801
337.421900474;32.924041801;336.867685784;1.472703486;0.000135208;89.568291218;-49.534297476
352.363195088;34.366742219;351.739164297;1.475172472;0.000134373;72.333887676;93.430158998
378.504411864;36.848603359;377.762294391;1.477273144;0.000057606;137.923827499;114.721492572
404.646495259;39.276668197;403.791370429;1.478184239;0.000047240;145.350965281;-5.362975832
447.653932806;43.167584102;446.622425214;1.481092471;0.000081011;74.401525131;-57.547172336
468.152321483;44.983056440;467.040259320;1.482883870;0.000064726;79.134290153;36.915035130
492.474048777;47.109287536;491.268868191;1.483804015;0.000046874;93.304173785;89.037517089
509.238776325;48.559574340;507.970746694;1.484694321;0.000042182;113.634888611;53.114251451
546.481802375;51.744383159;545.077347240;1.485361565;0.000039022;104.973541192;-52.206368706
565.157879497;53.326350062;563.686302908;1.486287996;0.000031449;78.823037722;15.758644504
583.733475174;54.892350657;582.195770578;1.486536748;0.000012989;92.877341918;34.884772205
602.308816264;56.452969563;600.705437335;1.486770549;0.000009576;92.776946604;-0.862727521
622.695602876;58.161976751;621.020465321;1.486898410;0.000003241;92.499844819;15.190379749
648.535915894;60.326404187;646.769970765;1.486882883;-0.000003666;102.615309204;8.530238890
665.898683263;61.782114606;664.071606453;1.486783478;-0.000008997;101.457046203;-35.341015268
686.083507846;63.478305755;684.185036703;1.486525104;-0.000017462;85.181206711;-45.745465731
701.925568109;64.814066742;699.970682518;1.486190514;-0.000021655;81.165863177;-13.273163762
727.155329901;66.952789935;725.109630793;1.485622680;-0.000023474;80.245513307;-18.367906768
739.665763589;68.019220280;737.574528552;1.485323009;-0.000020705;76.001041921;-26.670849415
751.475663315;69.028999314;749.341179619;1.485114715;-0.000014986;71.710841495;-5.245610528
767.929893828;70.439067693;765.734879875;1.484928914;-0.000007265;78.216426137;-10.990838231
789.019547861;72.248835369;786.746739576;1.484884571;0.000003827;66.435239144;-55.122118198
801.131808140;73.287880924;798.814350496;1.484972180;0.000009706;46.221723322;-1.010775584
811.422516548;74.169677091;809.067209360;1.485093680;0.000012071;53.789125875;12.801920045
831.122528591;75.853237705;828.695151007;1.485341441;0.000032663;43.599052527;-14.757387992
841.141774246;76.706255533;838.678018496;1.485771053;0.000027643;43.709137959;-2.367842098
851.498565255;77.585045724;848.997458721;1.485894228;0.000030357;42.924434577;-14.275291992
861.546632952;78.434275601;859.009574956;1.486379248;0.000036756;25.371550681;-9.555062098
865.802417771;78.792866985;863.250225437;1.486514922;0.000036528;25.434581088;-4.493787336
871.045893216;79.233643089;868.475141793;1.486736489;0.000043234;22.967410342;-12.216247304
875.908078321;79.641347099;873.320203321;1.486951112;0.000054591;20.059432274;0.861631889
877.821230225;79.801462365;875.226643278;1.487063420;0.000065567;20.785582464;33.584554148
882.639972087;80.204043817;880.028538842;1.487462681;0.000068251;38.031714194;47.709347604
897.239263429;81.416742431;894.577375820;1.487813117;0.000077634;37.415941437;-49.331573775
901.840116469;81.796563854;899.162524014;1.488248057;0.000091171;20.324516372;-48.217943551
905.369069978;82.087081972;902.679498817;1.488560693;0.000131499;18.128764016;-6.566233730
909.859364325;82.455007376;907.154694010;1.489396314;-0.000282929;17.823675999;13.472920033
913.276452228;82.730893634;910.560626556;1.487209880;-0.002136913;22.975613356;19.118324138
920.486969500;83.346340196;917.743726857;1.449023610;-0.033688592;25.651298706;14.565987211
928.413825564;85.249405338;925.381281481;0.934554945;-0.050821213;35.364570783;25.406483128
931.495266356;87.107510573;927.743507158;0.794819200;-0.049235219;37.456785771;12.245588405
941.538424929;96.334883462;930.554241174;0.173086239;-0.059541029;25.484975981;-30.928501823
947.260377562;101.995032964;929.819495134;-0.159894506;-0.022842393;18.229008634;-3.047703448
952.008890956;106.669728652;928.986457618;-0.129054339;0.018966694;20.234801632;5.988881850
956.130739475;110.761022962;928.612712963;-0.006253135;0.042399476;21.037813173;4.869907907
959.986974280;114.578024956;928.870854756;0.202730955;0.056212993;22.052882329;6.502147661
965.957081691;120.048541728;931.093764851;0.556991262;0.057918618;24.067498061;8.361743373
970.426999442;123.536383938;933.833326037;0.811129071;0.058839830;25.649028679;9.020898180
978.529784188;127.610676681;940.713303020;1.317047066;0.059381237;28.472606616;10.905257672
979.676492848;127.857229100;941.820979717;1.384644059;0.056372249;28.916781356;10.897148887
986.975173766;127.859537123;949.085630911;1.676396875;0.027570837;31.233700846;13.845655128
992.708281516;126.827990570;954.719061130;1.778610524;0.012782395;34.291814998;16.066771845
1002.582323572;124.477302232;964.308660188;1.819008056;0.002779853;38.136027249;9.041901880
1013.351862396;121.745482422;974.725873585;1.833541379;0.000914082;38.959516687;-0.773347602
1014.913082366;121.338651320;976.233151538;1.834869920;0.000802892;38.907357747;0.649380746
1023.286143956;119.133080686;984.310492443;1.839433882;0.000360553;41.391692709;16.236540216
1032.141383825;116.768745519;992.844258110;1.840898569;-0.000068680;45.532616269;16.235159873
1043.431059804;113.758471680;1003.725202096;1.836753936;-0.000710795;48.141850755;24.634807240
1060.329861355;109.403310543;1020.052932914;1.816049101;-0.001086067;63.146862047;3.842531498
1076.136035770;105.671565791;1035.411640410;1.800939875;-0.003034841;58.256839667;-9.667176118
1088.053784531;103.188524553;1047.067364390;1.746090294;-0.003564170;60.494949787;-1.710412207
1112.433005642;99.344451311;1071.135487465;1.710973038;-0.005884221;57.230592343;-21.202837493
1122.176822573;98.366888358;1080.829385056;1.636332565;-0.006266269;48.596407687;43.210242490
1139.646993947;97.563158189;1098.276840277;1.570524903;-0.002795855;81.428328137;43.328953820
1163.105535112;98.163497030;1121.723385117;1.535524403;-0.002109433;76.619250897;-29.193038605
1179.281143298;99.243763860;1137.862576801;1.494516531;-0.001295165;61.165939943;16.685836026
1191.752045036;100.232195920;1150.294221976;1.490286894;-0.000106443;69.534443409;69.548013364
1212.738206047;101.960246661;1171.209108491;1.496271647;0.000221063;101.927011140;37.550064051
1243.339531813;104.132690429;1201.732856042;1.500175625;-0.000149591;97.417395462;-38.995327548
1262.247737622;105.430276778;1220.596415693;1.494108948;-0.000703940;68.349089628;28.412032724
1269.609610963;106.003718571;1227.935889657;1.487828562;-0.001096668;73.717362833;39.230190985
1287.358588594;107.685544967;1245.604377082;1.457941032;-0.002011142;74.807945015;4.900539803
1305.517424570;110.046622406;1263.607457790;1.415341491;-0.002976728;76.069621938;16.988317614
1320.799316519;112.723958210;1278.651208443;1.361739050;-0.003426395;81.422507200;6.071806352
1345.562733137;118.821490713;1302.640505461;1.280147515;-0.005279182;75.011105955;-5.313941591
1359.743762463;123.491233270;1316.026993068;1.189168616;-0.005152643;76.881544976;10.846768046
1394.738994889;138.122314963;1347.800164045;1.117913441;-0.002929500;82.167665634;-1.250869564
1418.956524977;149.388028841;1369.235677211;1.031996254;-0.004232237;75.947754682;52.468326884
1436.853335982;158.986981071;1384.330833130;0.947199543;-0.003793922;96.835338010;34.541515606
1461.564073701;174.229112679;1403.768216187;0.885662988;-0.004001261;91.146021549;-37.278197421
1481.401160500;187.670421746;1418.351547685;0.782227692;-0.004249091;72.544486122;40.082223137
1503.060051960;203.387522203;1433.247552577;0.713020892;-0.002513196;101.900645884;31.214804332
1531.636205857;225.536655584;1451.290968987;0.666920770;-0.003426452;91.293946074;-52.111051296
1548.609378992;239.319550576;1461.194092084;0.590483208;-0.003472963;72.691954903;2.027933802
1569.149472704;256.573760645;1472.333186996;0.544762229;-0.002648963;85.473296655;40.371354699
1593.045922900;277.408641239;1484.025950725;0.469700822;-0.002869108;92.568425565;13.483611955
1618.857784030;300.794928058;1494.933290129;0.403227445;-0.002784457;93.211755142;-5.893780302
1652.410403738;332.382413677;1506.205797142;0.300679401;-0.002269611;85.704627742;-2.905537232
1667.984906087;347.339808283;1510.544537001;0.271018884;-0.001734364;86.466475823;8.931613043
1686.991790757;365.721147110;1515.378897656;0.241998762;-0.001658802;89.694972844;26.438711199
1711.326496764;389.438247023;1520.818065856;0.197520328;-0.001623209;100.183709539;1.803999158
1745.980212629;423.598172085;1526.605230979;0.151365222;-0.001886468;85.583223530;-34.180347888
1766.874651703;444.340174385;1529.118023402;0.104961861;-0.001355844;78.096834482;24.394606346
1782.518023974;459.906594120;1530.666099832;0.093882794;-0.000626831;86.910787402;31.722825129
1813.808185283;491.087736781;1533.272709148;0.079363553;-0.000286546;85.915626864;1.104204821
1832.574978711;509.799136749;1534.713500733;0.075983602;-0.000093325;86.678655588;-3.542374750
1843.066420596;520.260672581;1535.505092783;0.075513459;-0.000017150;85.794689279;-5.816149178
1864.452557034;541.585897818;1537.118031419;0.076352576;0.000111473;85.155790520;31.947877706
1878.363161755;555.455439262;1538.186063357;0.078556835;0.000155246;93.655037968;26.316384832
1907.876314032;584.871731535;1540.574451054;0.082937415;0.000147554;87.889708978;-28.671337962
1928.613596130;605.532230390;1542.357275820;0.085984551;0.000002517;76.690882749;26.651862150
1953.890843682;630.716250513;1544.526114914;0.081598327;-0.000173736;103.880826268;14.299938320
1982.589922197;659.325293977;1546.795813026;0.076605349;-0.000610766;92.656835770;-36.210445475
2001.419924415;678.111984392;1548.070832900;0.059708229;-0.000550058;85.316915547;-14.478652076
2022.157129639;698.814871956;1549.261793435;0.056232872;-0.000438879;83.069776479;-24.693129985
2038.866318968;715.503539061;1550.089100127;0.045247043;-0.000401175;60.910351598;-58.786759699
2058.096178366;734.714923241;1550.931352396;0.043204581;-0.000631799;44.673859566;-65.685725478
2062.329677140;738.944890423;1551.104237600;0.040040006;-0.000546995;28.192014982;-16.350026238
2071.628345557;748.236241182;1551.473035552;0.039048969;-0.000118391;36.825846972;6.945821328
2077.315829897;753.919489534;1551.692497512;0.038334526;-0.000086065;34.840807331;-11.610688963
2084.767251646;761.365544186;1551.975260329;0.038079347;0.000058349;32.527187920;-7.890066251
2090.424371315;767.018539123;1552.191239457;0.038807115;0.000266727;31.493770967;8.250200598
2097.370566998;773.959298058;1552.465965171;0.041837538;0.000513314;37.070948683;33.732570468
2107.706896136;784.285762756;1552.917088023;0.048328328;0.000636432;47.361263458;11.548809563
2118.992174549;795.555777860;1553.502781414;0.055615048;0.002183728;43.584288658;-28.015978611
2128.447345274;804.992229746;1554.095737421;0.088446723;0.012756423;31.874013515;-0.967833418
2134.551511783;811.056943386;1554.757958083;0.202900641;0.016834831;37.516815090;6.164283028
2142.437887671;818.649650495;1556.794259417;0.316151592;0.057038998;35.054330610;-20.175629426
2148.731974134;823.695751963;1560.439166815;0.889547159;0.064022904;22.177029664;-6.004351949
2156.099725882;827.588643597;1566.641245340;1.127717935;0.027882744;26.248572482;8.598287084
2161.863206084;829.567110867;1572.045922435;1.268386533;0.016700585;27.112916484;9.864069296
2166.878326716;830.880894838;1576.884304454;1.318512215;0.001044402;29.762546897;21.668109722
2173.253228452;832.394921683;1583.076508131;1.252640898;-0.016387408;35.640155677;20.942644060
2184.708605663;836.866014922;1593.525889914;0.940286817;-0.040946178;38.193499275;6.133596897
2197.199959473;846.997736669;1600.259578258;0.242489647;-0.031018512;39.019739999;12.922747002
2202.055189672;851.797047747;1600.976995571;0.138772200;-0.014879453;40.995574995;14.577979769
2213.883695252;863.541650328;1602.360941593;0.149578661;0.003301563;43.844365581;19.383649173
2221.960789523;871.503020697;1603.720281170;0.189416394;0.004267931;48.399081237;20.300397805
2237.048447194;886.239161415;1606.949447800;0.235088735;0.002807152;51.903856400;7.799323960
2257.646221531;906.104414216;1612.386640434;0.286723902;0.001745565;52.201031725;7.830933374
2268.397610959;916.390723573;1615.514339076;0.301218998;0.001290667;54.444183126;49.675546179
2278.308896151;925.839978850;1618.505020589;0.313485428;0.000931293;69.616267285;47.207303365
2295.364399984;942.037946092;1623.844644395;0.320378532;0.000585657;70.852262967;10.300820686
2311.762562303;957.558857196;1629.136108644;0.332843774;0.000438356;78.260862282;30.287415786
2333.489072240;978.086004631;1636.254899124;0.333104156;-0.000081477;86.347769772;-5.526381758
2359.805298695;1002.974080230;1644.806103182;0.327980876;-0.000375599;50.121765786;-30.883807882
2373.980908792;1016.412422215;1649.318140195;0.321275059;-0.000309036;56.088757567;72.693518153
2387.055556178;1028.821747464;1653.435777272;0.319212441;-0.000116722;76.862854640;68.742013720
2417.534353930;1057.773144935;1662.963291420;0.318570406;0.000036055;80.874521548;-24.614950614
2443.579241543;1082.496879889;1671.153029616;0.320780734;-0.000049592;50.056527693;-41.824228205
2459.581837192;1097.675710545;1676.221162392;0.318665089;-0.001122067;45.742169856;8.761604214
2469.457961796;1107.058664538;1679.302958782;0.301550091;-0.002614538;49.307241630;14.769658635
2518.398296474;1154.570556434;1689.996724114;-0.040204833;-0.011432944;48.798399090;23.392893454
2531.076285391;1167.156025907;1688.638356399;-0.199765905;-0.011359292;56.496308741;13.334535761
2533.383736590;1169.410488050;1688.153743570;-0.225461875;-0.011689725;56.929549808;8.963761010
2548.759958697;1183.865258829;1683.011714871;-0.461933370;-0.013505564;55.417330364;0.275965728
2566.634134808;1198.924143584;1673.460103538;-0.664407272;-0.012210743;57.095129245;-1.894247770
2586.114663570;1212.526039129;1659.578201221;-0.921026410;-0.014989810;53.178854622;-3.169233098
2590.352372379;1214.991834161;1656.134584614;-0.986223589;-0.015788705;53.062370330;6.351453328
2609.602262243;1222.771558177;1638.653061150;-1.325455069;-0.010963481;67.997054830;15.140569000
2626.600228837;1225.679744004;1621.916890038;-1.411863306;-0.003879033;67.768954417;-8.164088342
2647.763804327;1228.232178233;1600.908366091;-1.462221213;-0.001097543;58.647378019;-11.103000843
2653.825159095;1228.874292999;1594.881130279;-1.466648398;-0.000756636;57.789816940;-9.508689428
2662.299872620;1229.725027438;1586.449241877;-1.473371600;-0.000689668;56.042043712;13.285346583
2683.347692133;1231.651609604;1565.489861294;-1.482468988;-0.000235523;78.209968140;18.413083043
2704.880278363;1233.516212843;1544.038161003;-1.483207345;0.000144393;74.702891559;-22.289198318
2724.750623164;1235.307186950;1524.248732249;-1.477061807;0.000236740;60.669626079;6.839552204
2737.983924788;1236.562992386;1511.075157917;-1.474568287;0.000155919;66.229808110;58.937769368
2749.915544846;1237.722048048;1499.199968711;-1.473057648;0.000073648;81.882777789;58.576651005
2769.757878112;1239.664830087;1479.452974610;-1.473343876;-0.000068142;87.290487622;-21.709941848
2793.457529855;1241.931368985;1455.861976237;-1.476479387;-0.000366904;47.885886380;-65.708418752
2803.975917228;1242.891113704;1445.387473546;-1.481433810;-0.000303822;39.593252004;2.344723076
2821.529263492;1244.434038910;1427.902073495;-1.481868944;0.000168141;50.628038235;26.426965375
2830.810497250;1245.262304486;1418.657875440;-1.479361604;0.000460933;55.004622328;29.062480765
2836.502193514;1245.787916650;1412.990503790;-1.476072206;-0.000152796;58.174655110;26.482002106
2848.640201523;1246.986829463;1400.911907902;-1.496841885;-0.004773165;61.383725248;1.218186452
2868.638160426;1247.685415353;1380.978410908;-1.693182279;-0.019815939;54.182036822;-30.009885651
2880.145764008;1244.558729112;1369.965665233;-1.987421691;-0.030451798;45.628834588;3.393101731
2888.045819889;1240.570637178;1363.174005922;-2.254473491;-0.027090728;51.508837890;17.844263464
2902.846225320;1229.724253743;1353.233859679;-2.469288204;-0.014321491;51.048286227;-9.578809374
2914.650447158;1219.470997989;1347.394449478;-2.636528839;-0.007461283;44.714867073;7.179078926
2927.929697444;1207.802814328;1341.055667510;-2.635422149;0.000268884;52.279054255;56.423775651
2944.030534192;1193.794580191;1333.118067476;-2.627470701;0.000224977;78.666830499;8.778138039
2960.890280146;1179.110385815;1324.834041789;-2.628424516;-0.000194751;71.695334806;-55.324098938
2971.413920341;1169.931459391;1319.686781598;-2.631381651;-0.000205036;46.801321468;53.435180266
2993.326525064;1150.803230911;1308.996923382;-2.632408551;-0.000022746;124.969363445;45.198290753
3011.054770790;1135.323426645;1300.355953774;-2.632465874;0.000007277;123.445849222;-42.906085778
3029.271472037;1119.417427820;1291.476347694;-2.632136587;0.000021076;61.230446648;-40.845442679
3047.982273888;1103.083716139;1282.349247573;-2.631684576;0.000040179;67.786914076;15.013268434
3071.257195223;1082.776341390;1270.976806500;-2.630285566;0.000053702;67.748695509;13.540316169
3084.006077366;1071.660032385;1264.734878965;-2.629645668;0.000039695;71.349017892;12.582541158
3095.496145277;1061.644605380;1259.103459911;-2.629298267;0.000013998;72.307042275;4.720256524
3108.611471748;1050.213540012;1252.673643992;-2.629357751;-0.000027358;72.900040786;3.856012763
3120.280756986;1040.041261000;1246.955518906;-2.629913956;-0.000069719;73.596871499;20.677871542
3145.783316798;1017.793936510;1234.488090159;-2.632921181;-0.000094803;92.420483823;1.939966802
3168.594608593;997.859716219;1223.398399222;-2.634612130;-0.000015903;85.242270094;-40.412124202
3187.286630495;981.502559607;1214.352124567;-2.634017588;0.000162101;68.687348032;-6.773133325
3210.782616663;960.988040446;1202.897338525;-2.626360703;0.000546452;79.300688755;11.567589363
3220.345774587;952.677508883;1198.165675005;-2.620276356;0.000845708;79.545909253;20.266201244
3236.205931955;938.973922614;1190.181205500;-2.601353239;0.001109925;89.673381868;25.151956155
3267.775614279;912.137561727;1173.558726590;-2.571541346;0.002059830;85.750535599;-12.139156503
3286.694536504;896.444810845;1162.993152974;-2.519924330;0.002217023;82.596440518;-5.179642371
3323.385470819;867.164370038;1140.896305902;-2.474962920;0.001822996;83.548247073;40.659936635
3346.849274396;849.190917151;1125.814588382;-2.423221656;0.001348229;111.871594895;11.053711359
3377.738822930;826.052195299;1105.351489392;-2.416422592;0.000079728;105.211974914;-60.444496536
3395.017488109;813.173080257;1093.832792929;-2.416401801;-0.000064956;68.806045140;-10.746335378
3424.526933625;791.037527849;1074.318203500;-2.421652907;-0.000104692;97.904466857;18.599511193
3445.415118766;775.315260627;1060.565873730;-2.422756621;-0.000013435;93.743888849;-24.795062436
3469.936280327;756.867422182;1044.411475485;-2.421951794;0.000028532;83.765476602;4.848878478
3483.909704321;746.360535159;1035.199423600;-2.421587255;0.000024806;87.423810499;18.643362929
3508.432427423;727.929312609;1019.023702073;-2.421034105;0.000018705;90.575552396;5.166104093
3536.664581176;706.719166059;1000.390823139;-2.420631231;0.000010663;90.159940130;-7.914057233
3550.781050269;696.116114002;991.071489121;-2.420506175;0.000006203;88.338036119;-6.236119240
3572.021816482;680.163151327;977.047469332;-2.420459280;-0.000000962;88.695648599;-3.932809692
3591.484623460;665.545386990;964.197495748;-2.420534540;-0.000006713;86.750672153;-5.357847137
3619.860488964;644.229894558;945.466785179;-2.420842750;-0.000011407;86.788804296;6.851041441
3637.610058805;630.893198338;933.754408739;-2.421051281;-0.000010504;88.951822946;11.163986774
3651.868459115;620.177978669;924.347706527;-2.421186802;-0.000007845;90.782719201;7.139269277
3678.104801950;600.458804547;907.041642379;-2.421312535;-0.000002056;90.672836765;11.119916238
3694.075484854;588.454651114;896.507744107;-2.421318775;0.000001182;94.006565451;12.478547368
3716.176810291;571.843019530;881.929600129;-2.421244549;0.000005558;95.127174152;3.739462484
3739.271068431;554.487046928;866.694280215;-2.421063092;0.000008201;95.683321544;9.758616860
3765.932137494;534.454058788;849.101895897;-2.420833838;0.000008565;100.201654919;-7.973701292
3804.572234292;505.429211438;823.594734391;-2.420504785;0.000002626;81.411001122;-30.201144374
3830.025098764;486.314341091;806.787889343;-2.420536679;-0.000012982;75.990518193;-4.078881310
3842.790523714;476.725582580;798.361040422;-2.420777490;-0.000026190;76.024081433;-27.397384522
3860.968259032;463.065282331;786.368282493;-2.421443183;-0.000062813;57.236738567;-32.026653427
3868.877878442;457.118038006;781.153652820;-2.422030152;-0.000066037;56.073813843;10.693791336
3878.911879462;449.569991344;774.542437895;-2.422588739;-0.000052016;60.658751794;2.764171505
3888.288679016;442.512146345;768.369011933;-2.423044470;0.000027368;56.958348725;-7.765182468
3904.449943860;430.344253708;757.732808578;-2.420486070;0.000266696;63.270108387;8.498731943
3921.439421183;417.602876008;746.494570959;-2.414019165;0.002943082;62.902034403;-20.714601459
3940.596575832;403.433179706;733.603173856;-2.302285790;0.023729230;43.489941668;-7.342329887
3956.746584081;395.088728377;720.064921611;-1.675395801;0.022025054;64.469926715;11.994008852
3970.419221554;394.720950816;706.464127725;-1.568623346;0.007647100;64.261207440;-12.585315146
3985.725580415;396.716057836;691.289468370;-1.454351826;0.001327401;49.070847051;12.413225219
3996.620244815;397.927449869;680.463016251;-1.487489310;-0.003986072;56.592404714;22.152376198
4012.112632613;398.695564503;664.994910628;-1.570049641;-0.009223340;57.109984257;56.038413104
4021.029753930;398.417899803;656.083835396;-1.672282615;-0.009140793;71.378111016;52.987890466
4039.216901830;395.606518132;638.140191798;-1.752320825;-0.010041766;72.928713665;-14.318358385
4053.981775981;391.109250098;624.091513427;-1.968201931;-0.010376353;49.646766495;4.099052779
4065.178504656;386.480957480;613.902640747;-2.048340125;-0.009190456;56.727208386;49.879276681
4077.838433234;380.059899533;603.001308413;-2.193794128;-0.009289260;71.204099524;27.024220611
4100.548527959;365.570174001;585.576064222;-2.315126542;-0.010213759;66.314412750;-24.513975337
4113.162507599;355.968879829;577.406822008;-2.478090776;-0.003860748;56.984551315;19.906201855
4133.021966891;340.054966485;565.544492958;-2.271530598;0.012007898;75.887787880;20.039644847
4157.382957825;329.044172781;544.452090488;-1.930990486;0.013423395;66.640851733;-21.201556054
4173.737380308;326.452345548;528.305367031;-1.717557798;0.005340027;63.140514457;24.468034404
4183.314070164;325.090304521;518.826077967;-1.709656870;0.000777836;68.734692813;29.006129524
4204.146469967;322.374530634;498.171655868;-1.695590783;0.000528300;70.395775548;5.204434403
4219.787524038;320.493747431;482.644125613;-1.689052739;0.000299696;71.487106485;4.677929977
4237.046906844;318.499658128;465.500331902;-1.686133376;0.000045018;72.535802793;4.199075853
4250.187281895;316.991862331;452.446750286;-1.686783651;-0.000109885;73.268620013;30.499651170
4263.423610049;315.447151936;439.300870915;-1.689043421;-0.000138148;83.515677214;34.385399756
4295.826434149;311.571444106;407.130679684;-1.690935762;0.000020255;81.694715967;19.958947994
4315.708228268;309.180808736;387.393137453;-1.689573520;0.000065236;96.289403930;30.494410818
4342.058415225;306.074758111;361.226674441;-1.687969124;0.000159614;100.712183464;-3.677499702
4370.437785611;302.878921456;333.027862297;-1.680421804;0.000195057;74.041745809;19.498280409
4386.489306232;301.138585315;317.070971184;-1.677934408;0.000143873;84.196542907;40.498159142
4455.077288787;294.097082637;248.845574558;-1.671316785;0.000071009;87.369479756;-7.229500212
4492.132389984;290.447371637;211.970652306;-1.669195521;0.000025477;80.465639052;-16.364439978
4525.960793271;287.131855884;178.305117915;-1.669314799;-0.000020175;73.061213574;1.434258536
4549.893660713;284.769204376;154.489156963;-1.670079553;-0.000025834;79.426034175;30.018466203
4565.342005790;283.235553316;139.117127931;-1.670417627;-0.000022774;85.938463422;59.859041822
4592.907351797;280.485183858;111.689336433;-1.671089203;-0.000015592;118.564008164;-13.055953842
4620.672941166;277.701406859;84.063650413;-1.671276830;-0.000015978;101.576469750;-93.171562570
4634.511773674;276.310407769;70.294902960;-1.671561537;-0.000012530;72.260754994;8.894655523
4650.161201870;274.735696218;54.724903404;-1.671615286;-0.000001980;87.006199532;89.631838659
4678.040124688;271.928542989;26.987667994;-1.671598224;0.000001286;120.076058566;28.354496027
4709.441214317;268.769396712;-4.254102463;-1.671534008;0.000007672;114.971989657;-43.252162042
4735.599882148;266.143571115;-30.280645449;-1.671210703;0.000008644;78.295411398;4.557425402
4752.972045664;264.402815786;-47.565373842;-1.671103404;0.000006697;87.199013304;21.637704181
4768.722655766;262.826477437;-63.236904580;-1.670990481;0.000007210;87.387190590;14.949891460
4787.916593112;260.907855446;-82.334708640;-1.670851128;0.000006162;94.414922074;16.204872476
4812.453345926;258.458570847;-106.748910294;-1.670734408;0.000005464;94.183240446;14.510154518
4847.397699835;254.976171235;-141.519310920;-1.670508262;0.000003823;113.051274106;-6.475535729
4870.223488560;252.704573505;-164.231784898;-1.670460482;0.000003371;108.251175981;-40.824411614
4896.470684639;250.094998530;-190.348932904;-1.670333422;0.000003429;81.380679277;-3.979338399
4914.042516352;248.349201069;-207.833825266;-1.670289772;0.000002743;87.609284758;91.376243568
4931.514398542;246.614128155;-225.219341916;-1.670237348;0.000002172;117.931176704;82.679745713
4961.214987033;243.666049552;-254.773255178;-1.670214638;0.000001121;120.681183043;-21.062643193
4987.383244461;241.069494313;-280.812371862;-1.670177075;0.000000646;77.714950744;-6.139206357
5006.487113850;239.174114386;-299.821984182;-1.670175732;-0.000000202;86.430570721;26.245623797
5025.412695578;237.296367968;-318.654182995;-1.670184646;-0.000000678;89.263025215;-2.620636660
5043.949129319;235.456977574;-337.099128612;-1.670200965;-0.000003137;85.890682428;-32.660683950
5059.867488500;233.877041297;-352.938887459;-1.670281751;-0.000030752;76.197777650;-60.408335675
5073.033257520;232.568509828;-366.039468075;-1.670966219;-0.000225380;63.389379720;-52.032326798
5081.788353795;231.686596951;-374.750030126;-1.673948935;-0.000404455;57.784269936;-21.726077589
5100.778392716;229.662789453;-393.631829778;-1.684256323;-0.001982437;58.722904368;8.395246046
5104.244107603;229.265334232;-397.074678747;-1.692037466;-0.002440792;59.289902080;5.823300819
5130.451626515;225.229730928;-422.948841093;-1.794771468;-0.013777144;52.774592160;-17.159293428
5145.100197089;219.863094396;-436.541356118;-2.077294614;-0.013462034;45.561310200;13.118020774
5150.933854698;216.899311749;-441.563805686;-2.142295557;-0.011747974;48.174072749;11.618744352
5159.486457816;211.859867164;-448.469194853;-2.250364491;-0.012102048;47.523791972;-1.383569332
5168.993289589;205.495281568;-455.521921023;-2.359776245;-0.012882272;47.742434028;20.208843463
5177.620668290;199.087384812;-461.289886018;-2.481670176;-0.012091522;54.476758427;21.899930815
5200.347315893;179.891350989;-473.347155592;-2.634506999;-0.013553374;51.959952800;-10.867829560
5214.735066727;166.463203543;-478.473881916;-2.891706279;-0.016459688;45.204834061;80.534414666
5224.912888116;156.532586538;-480.657229408;-3.049031044;-0.011669027;70.028713108;68.954754138
5238.567351802;142.913819573;-481.114044385;-3.138963502;-0.010651610;74.000399710;14.721778734
5257.406129698;124.372119664;-477.978912176;2.837895241;-0.010665851;68.255454697;0.648468378
5277.117772694;105.826079288;-471.370656067;2.743041658;-0.007181965;70.205217352;-21.550807928
5289.171044754;95.042413109;-465.995617597;2.639008472;-0.007474002;60.949252601;-18.469796804
5300.252538775;85.528424032;-460.318737484;2.567974121;-0.006302283;62.129913542;6.044750586
5310.273830949;77.285677688;-454.621882238;2.505794909;-0.007228545;63.023903593;40.276138366
5320.420187925;69.311611039;-448.350204062;2.421933668;-0.007092541;75.018277819;55.695921775
5349.452666303;48.802293642;-427.852717206;2.313432062;-0.005874232;80.888288461;0.519264484
5375.455902624;33.506361669;-406.850520339;2.110912550;-0.005823879;67.692357430;-19.307470244
5408.167684069;18.388814628;-377.878728389;2.001238708;-0.005489145;63.179991517;1.347509139
5425.601449287;12.112298880;-361.618674460;1.885692101;-0.004994536;66.966113804;25.503380841
5446.223255653;6.251555842;-341.853245754;1.822534410;-0.003398700;76.501154835;13.836089555
5462.588128413;2.695987471;-325.881799815;1.762551129;-0.003135584;75.336216684;-5.629747229
5468.642674662;1.600154969;-319.927439308;1.744753317;-0.002911521;74.876103850;-4.612746385
5492.868240899;-1.727856775;-295.936399724;1.676939723;-0.002387423;74.948087966;7.896103770
5506.692094955;-2.976978318;-282.169766982;1.647185016;-0.001984013;77.103763825;7.554064720
5522.180530971;-3.918882843;-266.710590757;1.619378158;-0.001599995;77.631929597;2.428222824
5540.866841936;-4.552863013;-248.035583138;1.593883870;-0.001202777;78.153472537;73.202522468
5554.974135867;-4.764541566;-233.929972483;1.578636534;-0.000747011;100.918899210;71.098880778
5577.197645651;-4.837695105;-211.706663840;1.573721418;-0.000015630;103.749069617;-16.706541474
5601.172941383;-4.867587290;-187.731421757;1.578662956;0.000370150;68.240043783;-6.275507470
5618.746011733;-5.062959281;-170.159554632;1.587280538;0.000371050;78.613498215;31.855896711
5628.503173824;-5.247362263;-160.404143292;1.590254435;0.000152637;81.754196015;18.278541885
5646.668383422;-5.619087341;-142.242742547;1.587881438;-0.000325750;82.591586184;3.301233960
5664.843471745;-5.868204704;-124.069463630;1.578412710;-0.000585674;83.206738958;3.551614759
5679.907973469;-5.908838075;-109.005076560;1.568781936;-0.000706705;83.957289121;41.191181735
5705.227966645;-5.660672721;-83.686533257;1.548019707;-0.000683120;114.825372944;53.434863662
5729.182476509;-4.996898950;-59.741735109;1.534757799;-0.000775686;119.102103502;-21.690202597
5764.397978484;-2.744601623;-24.601860296;1.495945644;-0.000963802;70.026185299;-83.860609801
5785.203424748;-0.808296000;-3.886832000;1.477593671;-0.000882075;52.013615662;-45.031424092
